﻿[{"speaker":"","words":[{"text":"내년에","type":"word","data_start":0.45453099999999996,"data_end":1.054531,"confidence":1.0},{"text":" 한국에","type":"word","data_start":1.0845310000000001,"data_end":1.534531,"confidence":1.0},{"text":" 갈","type":"word","data_start":1.534531,"data_end":1.804531,"confidence":1.0},{"text":" 거예요","type":"word","data_start":1.804531,"data_end":2.494531,"confidence":0.93},{"text":".","type":"word","data_start":2.974531,"data_end":3.3345309999999997,"confidence":0.96}],"data_start":0.45453099999999996,"data_end":3.3345309999999997,"edited":true},{"speaker":null,"words":[{"text":"거기","type":"word","data_start":3.364531,"data_end":3.904531,"confidence":0.89},{"text":" 혼자","type":"word","data_start":3.904531,"data_end":4.2345310000000005,"confidence":1.0},{"text":" 가지","type":"word","data_start":4.2345310000000005,"data_end":4.504531,"confidence":1.0},{"text":" 마세요","type":"word","data_start":4.504531,"data_end":5.344531,"confidence":1.0},{"text":".","type":"word","data_start":5.374531,"data_end":5.914531,"confidence":0.57}],"data_start":3.364531,"data_end":5.914531,"edited":true},{"speaker":null,"words":[{"text":"내일 현우","type":"word","data_start":6.154531,"data_end":6.934531000000001,"confidence":0.8},{"text":" 씨","type":"word","data_start":6.934531000000001,"data_end":7.114531,"confidence":0.81},{"text":" 생일파티에","type":"word","data_start":7.114531,"data_end":7.864531,"confidence":0.67},{"text":" 가는","type":"word","data_start":7.864531,"data_end":8.164531,"confidence":1.0},{"text":" 사람","type":"word","data_start":8.164531,"data_end":8.494531,"confidence":0.95},{"text":" 있어요?","type":"word","data_start":8.494531,"data_end":9.094531,"confidence":1.0}],"data_start":6.154531,"data_end":9.844531,"edited":true},{"speaker":null,"words":[{"text":"거기","type":"word","data_start":9.844531,"data_end":10.354531,"confidence":0.95},{"text":" 어떻게","type":"word","data_start":10.354531,"data_end":10.834531,"confidence":1.0},{"text":" 가는지","type":"word","data_start":10.834531,"data_end":11.344531,"confidence":1.0},{"text":" 아세요","type":"word","data_start":11.344531,"data_end":11.954531,"confidence":1.0},{"text":".?","type":"word","data_start":11.974530999999999,"data_end":12.044531,"confidence":0.91}],"data_start":9.844531,"data_end":12.044531,"edited":true},{"speaker":null,"words":[{"text":"지하철","type":"word","data_start":12.634530999999999,"data_end":13.144530999999999,"confidence":0.92},{"text":" 말고","type":"word","data_start":13.144530999999999,"data_end":13.744531,"confidence":0.96},{"text":" 버스","type":"word","data_start":13.774531,"data_end":14.014531,"confidence":1.0},{"text":" 타고","type":"word","data_start":14.014531,"data_end":14.344531,"confidence":1.0},{"text":" 가고","type":"word","data_start":14.344531,"data_end":14.644530999999999,"confidence":1.0},{"text":" 싶어요","type":"word","data_start":14.644530999999999,"data_end":15.454531,"confidence":0.53},{"text":".","type":"word","data_start":15.454531,"data_end":15.454531,"confidence":1.0}],"data_start":12.634530999999999,"data_end":15.454531,"edited":true}]