﻿[{"speaker":"","words":[{"text":"언제","type":"word","data_start":0.383021,"data_end":0.803021,"confidence":0.99},{"text":" 왔어요","type":"word","data_start":0.803021,"data_end":1.603021,"confidence":0.97},{"text":".","type":"word","data_start":1.643021,"data_end":2.333021,"confidence":0.91},{"text":" 다음에","type":"word","data_start":2.393021,"data_end":2.963021,"confidence":1.0},{"text":" 또","type":"word","data_start":2.963021,"data_end":3.233021,"confidence":1.0},{"text":" 오고","type":"word","data_start":3.233021,"data_end":3.5330209999999997,"confidence":1.0},{"text":" 싶어요","type":"word","data_start":3.5330209999999997,"data_end":4.363021,"confidence":0.99},{"text":".","type":"word","data_start":4.403021,"data_end":4.923021,"confidence":0.85},{"text":" 그저께효진","type":"word","data_start":5.003021,"data_end":6.143021,"confidence":0.65},{"text":" 씨랑","type":"word","data_start":6.143021,"data_end":6.503021,"confidence":0.76},{"text":" 같이","type":"word","data_start":6.503021,"data_end":6.893021,"confidence":1.0},{"text":" 왔던","type":"word","data_start":6.893021,"data_end":7.313021,"confidence":1.0},{"text":" 사람","type":"word","data_start":7.313021,"data_end":7.673021,"confidence":0.99},{"text":" 누구예요","type":"word","data_start":7.673021,"data_end":8.553021,"confidence":1.0},{"text":".","type":"word","data_start":8.573021,"data_end":9.083021,"confidence":0.59},{"text":" 경원씨가","type":"word","data_start":9.293021,"data_end":10.103021,"confidence":0.95},{"text":" 언제","type":"word","data_start":10.103021,"data_end":10.493021,"confidence":1.0},{"text":" 올지는","type":"word","data_start":10.493021,"data_end":11.123021,"confidence":1.0},{"text":" 아무도","type":"word","data_start":11.123021,"data_end":11.573021,"confidence":1.0},{"text":" 몰라요","type":"word","data_start":11.573021,"data_end":12.383021,"confidence":1.0},{"text":".","type":"word","data_start":12.413021,"data_end":12.973021,"confidence":0.73},{"text":" 부모님이랑","type":"word","data_start":13.133021,"data_end":13.943021,"confidence":1.0},{"text":" 같이","type":"word","data_start":13.943021,"data_end":14.393021,"confidence":1.0},{"text":" 오세요","type":"word","data_start":14.393021,"data_end":15.083021,"confidence":0.84},{"text":".","type":"word","data_start":15.113021,"data_end":15.503021,"confidence":0.56}],"data_start":0.383021,"data_end":15.503021}]