﻿[{"speaker":"","words":[{"text":"많이","type":"word","data_start":0.27453099999999997,"data_end":0.574531,"confidence":1.0},{"text":" 드세요","type":"word","data_start":0.574531,"data_end":1.3845310000000002,"confidence":1.0},{"text":".","type":"word","data_start":1.414531,"data_end":1.8245310000000001,"confidence":0.82},{"text":" 엄마가","type":"word","data_start":1.8945310000000002,"data_end":2.494531,"confidence":1.0},{"text":" 이거","type":"word","data_start":2.494531,"data_end":2.704531,"confidence":1.0},{"text":" 다","type":"word","data_start":2.734531,"data_end":2.944531,"confidence":1.0},{"text":" 먹으라고","type":"word","data_start":2.944531,"data_end":3.454531,"confidence":1.0},{"text":" 하셨어요","type":"word","data_start":3.454531,"data_end":4.204531,"confidence":1.0},{"text":".","type":"word","data_start":4.2345310000000005,"data_end":4.504531,"confidence":0.9},{"text":" 김밥","type":"word","data_start":4.534531,"data_end":4.894531000000001,"confidence":0.96},{"text":" 먹고","type":"word","data_start":4.894531000000001,"data_end":5.254531,"confidence":1.0},{"text":" 있어요","type":"word","data_start":5.254531,"data_end":5.884531,"confidence":1.0},{"text":".","type":"word","data_start":5.914531,"data_end":6.154531,"confidence":0.88},{"text":" 저는","type":"word","data_start":6.184531000000001,"data_end":6.814531000000001,"confidence":1.0},{"text":" 금요일","type":"word","data_start":6.814531000000001,"data_end":7.354531000000001,"confidence":1.0},{"text":" 저녁에는","type":"word","data_start":7.354531000000001,"data_end":8.194531,"confidence":1.0},{"text":" 내일","type":"word","data_start":8.404530999999999,"data_end":8.754531,"confidence":0.62},{"text":" 치킨을","type":"word","data_start":8.764531,"data_end":9.304530999999999,"confidence":1.0},{"text":" 먹어요","type":"word","data_start":9.304530999999999,"data_end":9.994531,"confidence":1.0},{"text":".","type":"word","data_start":10.024531,"data_end":10.514531,"confidence":0.97},{"text":" 저는","type":"word","data_start":10.534531,"data_end":11.044531,"confidence":1.0},{"text":" 피자","type":"word","data_start":11.074530999999999,"data_end":11.434531,"confidence":1.0},{"text":" 한","type":"word","data_start":11.434531,"data_end":11.554530999999999,"confidence":0.85},{"text":" 판을","type":"word","data_start":11.554530999999999,"data_end":12.004531,"confidence":0.85},{"text":" 혼자","type":"word","data_start":12.004531,"data_end":12.334531,"confidence":1.0},{"text":" 다","type":"word","data_start":12.334531,"data_end":12.574530999999999,"confidence":1.0},{"text":" 먹을","type":"word","data_start":12.574530999999999,"data_end":12.904530999999999,"confidence":1.0},{"text":" 수","type":"word","data_start":12.904530999999999,"data_end":13.084531,"confidence":1.0},{"text":" 있어요","type":"word","data_start":13.084531,"data_end":13.724530999999999,"confidence":0.86},{"text":".","type":"word","data_start":14.044531,"data_end":14.094531,"confidence":0.76}],"data_start":0.27453099999999997,"data_end":14.094531}]